{
	"configs" : [
		{
			"remarks" : "梁思喆LA",
			"id" : "92B91DB45F6CA56943C2F065AE867682",
			"server" : "45.77.127.66",
			"server_port" : 8989,
			"server_udp_port" : 0,
			"password" : "teddysun.com",
			"method" : "aes-256-cfb",
			"protocol" : "origin",
			"protocolparam" : "",
			"obfs" : "plain",
			"obfsparam" : "",
			"remarks_base64" : "5qKB5oCd5ZaGTEE",
			"group" : "",
			"enable" : true,
			"udp_over_tcp" : false
		},
		{
			"remarks" : "singapore",
			"id" : "C40DFD89E45E4B0708D8647576298F6A",
			"server" : "207.148.65.207",
			"server_port" : 2333,
			"server_udp_port" : 0,
			"password" : "password",
			"method" : "aes-256-cfb",
			"protocol" : "auth_sha1_v4",
			"protocolparam" : "",
			"obfs" : "http_simple",
			"obfsparam" : "",
			"remarks_base64" : "c2luZ2Fwb3Jl",
			"group" : "",
			"enable" : true,
			"udp_over_tcp" : false
		},
		{
			"remarks" : "DO in SF🇺🇸",
			"id" : "544211736A9D504DB6D38BE6CB5FECEC",
			"server" : "165.227.53.34",
			"server_port" : 8989,
			"server_udp_port" : 0,
			"password" : "teddysun.com",
			"method" : "aes-256-cfb",
			"protocol" : "origin",
			"protocolparam" : "",
			"obfs" : "plain",
			"obfsparam" : "",
			"remarks_base64" : "RE8gaW4gU0bwn4e68J-HuA",
			"group" : "",
			"enable" : true,
			"udp_over_tcp" : false
		},
		{
			"remarks" : "GCP Taiwan",
			"id" : "9500FC9A0C02435726CDE6F74BF1C7DB",
			"server" : "35.229.159.7",
			"server_port" : 19100,
			"server_udp_port" : 0,
			"password" : "teddysun.com",
			"method" : "aes-256-cfb",
			"protocol" : "origin",
			"protocolparam" : "",
			"obfs" : "plain",
			"obfsparam" : "",
			"remarks_base64" : "R0NQIFRhaXdhbg",
			"group" : "",
			"enable" : true,
			"udp_over_tcp" : false
		},
		{
			"remarks" : "Self GCP Taiwan",
			"id" : "F1ACA32B0E61B73FC6E39B0C239FB94E",
			"server" : "35.229.129.237",
			"server_port" : 8989,
			"server_udp_port" : 0,
			"password" : "122133",
			"method" : "aes-256-cfb",
			"protocol" : "auth_sha1_v4",
			"protocolparam" : "",
			"obfs" : "http_simple",
			"obfsparam" : "",
			"remarks_base64" : "U2VsZiBHQ1AgVGFpd2Fu",
			"group" : "",
			"enable" : true,
			"udp_over_tcp" : false
		},
		{
			"remarks" : "美国115",
			"id" : "5B04979DC2823D623577AABE2AF6DD23",
			"server" : "66.42.96.105",
			"server_port" : 15255,
			"server_udp_port" : 0,
			"password" : "122133",
			"method" : "aes-256-cfb",
			"protocol" : "auth_aes128_md5",
			"protocolparam" : "",
			"obfs" : "tls1.2_ticket_auth",
			"obfsparam" : "",
			"remarks_base64" : "576O5Zu9MTE1",
			"group" : "tizige.net",
			"enable" : true,
			"udp_over_tcp" : false
		},
		{
			"remarks" : "美国126",
			"id" : "0DB0366209B8B49E4B2A8366CE6EE4F3",
			"server" : "149.248.6.77",
			"server_port" : 15255,
			"server_udp_port" : 0,
			"password" : "122133",
			"method" : "aes-256-cfb",
			"protocol" : "auth_aes128_md5",
			"protocolparam" : "",
			"obfs" : "tls1.2_ticket_auth",
			"obfsparam" : "",
			"remarks_base64" : "576O5Zu9MTI2",
			"group" : "tizige.net",
			"enable" : true,
			"udp_over_tcp" : false
		},
		{
			"remarks" : "美国127",
			"id" : "1C5E4E7531C60F6EA68430336906C99C",
			"server" : "149.28.65.219",
			"server_port" : 15255,
			"server_udp_port" : 0,
			"password" : "122133",
			"method" : "aes-256-cfb",
			"protocol" : "auth_aes128_md5",
			"protocolparam" : "",
			"obfs" : "tls1.2_ticket_auth",
			"obfsparam" : "",
			"remarks_base64" : "576O5Zu9MTI3",
			"group" : "tizige.net",
			"enable" : true,
			"udp_over_tcp" : false
		},
		{
			"remarks" : "美国128",
			"id" : "12A8B6848B0E1A452D07E3689FE7AEE0",
			"server" : "66.42.102.186",
			"server_port" : 15255,
			"server_udp_port" : 0,
			"password" : "122133",
			"method" : "aes-256-cfb",
			"protocol" : "auth_aes128_md5",
			"protocolparam" : "",
			"obfs" : "tls1.2_ticket_auth",
			"obfsparam" : "",
			"remarks_base64" : "576O5Zu9MTI4",
			"group" : "tizige.net",
			"enable" : true,
			"udp_over_tcp" : false
		}
	],
	"index" : 4,
	"random" : false,
	"sysProxyMode" : 2,
	"shareOverLan" : false,
	"localPort" : 1080,
	"localAuthPassword" : "LYoMukvJFnDCchYZ0xW9",
	"dnsServer" : "",
	"reconnectTimes" : 2,
	"randomAlgorithm" : 3,
	"randomInGroup" : false,
	"TTL" : 0,
	"connectTimeout" : 5,
	"proxyRuleMode" : 2,
	"proxyEnable" : false,
	"pacDirectGoProxy" : false,
	"proxyType" : 0,
	"proxyHost" : "",
	"proxyPort" : 0,
	"proxyAuthUser" : "",
	"proxyAuthPass" : "",
	"proxyUserAgent" : "",
	"authUser" : "",
	"authPass" : "",
	"autoBan" : false,
	"sameHostForSameTarget" : false,
	"keepVisitTime" : 180,
	"isHideTips" : true,
	"nodeFeedAutoUpdate" : true,
	"serverSubscribes" : [
		{
			"URL" : "https://tizige.net/0/MTMzNDYsMTQ5OTkyMTkyNzAwMA.html",
			"Group" : "tizige.net"
		}
	],
	"token" : {

	},
	"portMap" : {

	}
}