{
	"47.88.222.86" : {
		"totalUploadBytes" : 418563,
		"totalDownloadBytes" : 1790479
	},
	"47.88.216.65" : {
		"totalUploadBytes" : 354196,
		"totalDownloadBytes" : 898557
	},
	"47.74.179.164" : {
		"totalUploadBytes" : 10082017,
		"totalDownloadBytes" : 43413859
	},
	"47.52.157.41" : {
		"totalUploadBytes" : 51059,
		"totalDownloadBytes" : 211377
	},
	"139.162.114.104" : {
		"totalUploadBytes" : 2135050,
		"totalDownloadBytes" : 14183553
	},
	"47.88.158.200" : {
		"totalUploadBytes" : 529083,
		"totalDownloadBytes" : 893419
	},
	"47.74.130.228" : {
		"totalUploadBytes" : 9331173,
		"totalDownloadBytes" : 47289037
	},
	"47.74.151.170" : {
		"totalUploadBytes" : 1526080,
		"totalDownloadBytes" : 7150652
	},
	"45.56.90.240" : {
		"totalUploadBytes" : 888122,
		"totalDownloadBytes" : 3587494
	},
	"47.88.153.191" : {
		"totalUploadBytes" : 866871,
		"totalDownloadBytes" : 8009667
	},
	"47.74.148.103" : {
		"totalUploadBytes" : 10059092,
		"totalDownloadBytes" : 46101267
	},
	"47.89.20.231" : {
		"totalUploadBytes" : 369009,
		"totalDownloadBytes" : 1424395
	},
	"172.104.66.28" : {
		"totalUploadBytes" : 1961032,
		"totalDownloadBytes" : 8510768
	},
	"45.33.52.112" : {
		"totalUploadBytes" : 272506,
		"totalDownloadBytes" : 973623
	},
	"172.104.46.61" : {
		"totalUploadBytes" : 967406,
		"totalDownloadBytes" : 2604875
	},
	"139.162.18.128" : {
		"totalUploadBytes" : 1121319,
		"totalDownloadBytes" : 4157075
	},
	"139.162.105.212" : {
		"totalUploadBytes" : 504014,
		"totalDownloadBytes" : 1453705
	},
	"47.74.130.170" : {
		"totalUploadBytes" : 13759216,
		"totalDownloadBytes" : 315376720
	},
	"45.32.66.74" : {
		"totalUploadBytes" : 27558903,
		"totalDownloadBytes" : 649691998
	},
	"47.74.147.131" : {
		"totalUploadBytes" : 9256213,
		"totalDownloadBytes" : 42188482
	},
	"47.74.188.112" : {
		"totalUploadBytes" : 9197534,
		"totalDownloadBytes" : 69726538
	},
	"47.74.186.40" : {
		"totalUploadBytes" : 12207836,
		"totalDownloadBytes" : 51022056
	},
	"47.52.240.27" : {
		"totalUploadBytes" : 256639,
		"totalDownloadBytes" : 678043
	},
	"47.74.186.211" : {
		"totalUploadBytes" : 11389697,
		"totalDownloadBytes" : 35872756
	},
	"47.74.229.35" : {
		"totalUploadBytes" : 7628259,
		"totalDownloadBytes" : 24300711
	},
	"165.227.53.34" : {
		"totalUploadBytes" : 28361034,
		"totalDownloadBytes" : 1094913914
	},
	"47.74.155.75" : {
		"totalUploadBytes" : 5122205,
		"totalDownloadBytes" : 15962660
	},
	"47.74.231.224" : {
		"totalUploadBytes" : 5557600,
		"totalDownloadBytes" : 20663812
	},
	"47.74.233.19" : {
		"totalUploadBytes" : 5018497,
		"totalDownloadBytes" : 13120258
	},
	"47.88.175.205" : {
		"totalUploadBytes" : 830694,
		"totalDownloadBytes" : 1645703
	},
	"47.88.222.213" : {
		"totalUploadBytes" : 1296001,
		"totalDownloadBytes" : 4865860
	},
	"47.88.230.54" : {
		"totalUploadBytes" : 6394,
		"totalDownloadBytes" : 0
	},
	"45.77.170.210" : {
		"totalUploadBytes" : 234079,
		"totalDownloadBytes" : 937016
	},
	"45.77.171.213" : {
		"totalUploadBytes" : 1214991,
		"totalDownloadBytes" : 4816443
	},
	"45.32.45.22" : {
		"totalUploadBytes" : 4521465,
		"totalDownloadBytes" : 20057835
	},
	"207.148.64.92" : {
		"totalUploadBytes" : 17158596,
		"totalDownloadBytes" : 36811843
	},
	"45.76.188.217" : {
		"totalUploadBytes" : 513248,
		"totalDownloadBytes" : 2368039
	},
	"207.246.107.209" : {
		"totalUploadBytes" : 10407504,
		"totalDownloadBytes" : 48575123
	},
	"45.77.131.17" : {
		"totalUploadBytes" : 560202,
		"totalDownloadBytes" : 3083898
	},
	"45.63.122.163" : {
		"totalUploadBytes" : 3462560,
		"totalDownloadBytes" : 26930637
	},
	"45.32.74.36" : {
		"totalUploadBytes" : 90859143,
		"totalDownloadBytes" : 30274207
	},
	"45.32.70.15" : {
		"totalUploadBytes" : 3586473,
		"totalDownloadBytes" : 28397752
	},
	"45.77.28.104" : {
		"totalUploadBytes" : 839984,
		"totalDownloadBytes" : 133342098
	},
	"45.77.173.161" : {
		"totalUploadBytes" : 3427220,
		"totalDownloadBytes" : 7561454
	},
	"45.76.148.69" : {
		"totalUploadBytes" : 15184938,
		"totalDownloadBytes" : 67751202
	},
	"207.148.89.17" : {
		"totalUploadBytes" : 4482036,
		"totalDownloadBytes" : 68922331
	},
	"144.202.4.133" : {
		"totalUploadBytes" : 3344381,
		"totalDownloadBytes" : 27835539
	},
	"45.76.206.125" : {
		"totalUploadBytes" : 623101,
		"totalDownloadBytes" : 15923483
	},
	"35.229.159.7" : {
		"totalUploadBytes" : 176877220,
		"totalDownloadBytes" : 2135472718
	},
	"207.148.65.207" : {
		"totalUploadBytes" : 1125691,
		"totalDownloadBytes" : 4717203
	},
	"207.246.99.136" : {
		"totalUploadBytes" : 10385502,
		"totalDownloadBytes" : 40614582
	},
	"45.32.82.112" : {
		"totalUploadBytes" : 5345394,
		"totalDownloadBytes" : 15411947
	},
	"144.202.123.96" : {
		"totalUploadBytes" : 19692,
		"totalDownloadBytes" : 32147
	},
	"144.202.123.124" : {
		"totalUploadBytes" : 32251,
		"totalDownloadBytes" : 0
	},
	"45.77.127.66" : {
		"totalUploadBytes" : 148515405,
		"totalDownloadBytes" : 1781454757
	},
	"45.77.173.156" : {
		"totalUploadBytes" : 11498,
		"totalDownloadBytes" : 63888
	},
	"207.148.97.6" : {
		"totalUploadBytes" : 1185,
		"totalDownloadBytes" : 0
	},
	"45.76.100.181" : {
		"totalUploadBytes" : 3112,
		"totalDownloadBytes" : 0
	},
	"45.77.10.236" : {
		"totalUploadBytes" : 12899,
		"totalDownloadBytes" : 0
	},
	"149.28.76.61" : {
		"totalUploadBytes" : 8508406,
		"totalDownloadBytes" : 29363765
	},
	"202.182.124.183" : {
		"totalUploadBytes" : 7880720,
		"totalDownloadBytes" : 25260688
	},
	"35.236.148.175" : {
		"totalUploadBytes" : 15844827,
		"totalDownloadBytes" : 440617164
	},
	"35.229.129.237" : {
		"totalUploadBytes" : 164247797,
		"totalDownloadBytes" : 3064776617
	}
}